protein,region,region_start,region_end,region_length,contact_identity,contact_total,contact_identity_fraction,core5_identity
FcRH5/FCRL5,D1,23,101,79,4,13,0.308,2
FcRH5/FCRL5,D2,102,187,86,3,13,0.231,1
FcRH5/FCRL5,D3,188,271,84,4,13,0.308,1
FcRH5/FCRL5,D4,287,374,88,5,13,0.385,3
FcRH5/FCRL5,D5,380,463,84,7,13,0.538,4
FcRH5/FCRL5,D6,473,556,84,4,13,0.308,2
FcRH5/FCRL5,D7,566,651,86,10,13,0.769,4
FcRH5/FCRL5,D8,659,744,86,9,13,0.692,4
FcRH1/FCRL1,Ig1 (Ig-like C2-type 1),17,104,88,3,13,0.231,1
FcRH1/FCRL1,Ig2 (Ig-like C2-type 2),109,200,92,2,13,0.154,1
FcRH1/FCRL1,Ig3 (Ig-like C2-type 3),208,291,84,10,13,0.769,5
FcRH2/FCRL2,Ig1 (Ig-like C2-type 1),20,98,79,4,13,0.308,2
FcRH2/FCRL2,Ig2 (Ig-like C2-type 2),109,187,79,5,13,0.385,2
FcRH2/FCRL2,Ig3 (Ig-like C2-type 3),201,290,90,3,13,0.231,1
FcRH2/FCRL2,Ig4 (Ig-like C2-type 4),300,387,88,11,13,0.846,4
FcRH3/FCRL3,Ig1 (Ig-like C2-type 1),21,98,78,2,13,0.154,1
FcRH3/FCRL3,Ig2 (Ig-like C2-type 2),99,182,84,5,13,0.385,3
FcRH3/FCRL3,Ig3 (Ig-like C2-type 3),192,270,79,6,13,0.462,2
FcRH3/FCRL3,Ig4 (Ig-like C2-type 4),284,369,86,5,13,0.385,1
FcRH3/FCRL3,Ig5 (Ig-like C2-type 5),383,470,88,11,13,0.846,4
FcRH3/FCRL3,Ig6 (Ig-like C2-type 6),476,563,88,10,13,0.769,4
FcRH4/FCRL4,Ig1 (Ig-like C2-type 1),23,97,75,6,13,0.462,3
FcRH4/FCRL4,Ig2 (Ig-like C2-type 2),102,183,82,2,13,0.154,0
FcRH4/FCRL4,Ig3 (Ig-like C2-type 3),193,271,79,4,13,0.308,2
FcRH4/FCRL4,Ig4 (Ig-like C2-type 4),275,374,100,4,13,0.308,0
FcRH6/FCRL6,Ig1 (Ig-like C2-type 1),20,95,76,1,13,0.077,0
FcRH6/FCRL6,Ig2 (Ig-like C2-type 2),111,197,87,6,13,0.462,3
FcRH6/FCRL6,Ig3 (Ig-like C2-type 3),207,293,87,4,13,0.308,1
