position,aa,role,SASA_A2,pLDDT,rationale
760,G,B核心,42.52,66.62,高度暴露；多数近缘结构域不保守，但人/猴差异使其不适合要求食蟹猴交叉反应的项目。
761,T,B核心,134.24,61.44,高度暴露且在比较集中最稀有；属于探索性人源D9选择性位点。
762,H,B核心,147.48,68.5,高度暴露；仅FcRH3 Ig5出现相同残基，可能把主要残余风险限制在FcRH3。
781,L,A一级核心,119.65,85.81,L相对D7/D8及FcRH1/2/3常见P发生形状/疏水差异；报告提出的最强候选之一。
785,R,A二级核心,69.1,94.06,R在D7/D8/FcRH1等多为芳香残基；但FcRH3 Ig5为R，且人/猴可能不同。
822,D,A一级核心,32.67,91.44,D可排除D7、FcRH1/2/6，但D8与FcRH3保留D，不能单独决定特异性。
829,R,A一级核心,110.13,91.88,R可排除FcRH2/3/6，但D8、FcRH1/4可相同，需与L781/T832联合识别。
832,T,A一级核心,94.57,89.81,T可排除D8及FcRH1/2/4/6；FcRH3 Ig6与D7仍可相同。
831,E,支撑环,161.05,90.25,高暴露酸性边缘，可提供定向作用；但D8/FcRH1/2保守，不应成为主要热点。
