candidate,reference_positions,D9_sequence,comparison_domain,mapped_full_positions,mapped_sequence,exact_identity_count,total_core_positions,exact_identity_fraction,full_core_reproduced
A_conserved_core,781;822;829;832,LDRT,FcRH5_D1,-;89;96;99,-GVD,0,4,0.0,NO
A_conserved_core,781;822;829;832,LDRT,FcRH5_D2,131;178;185;-,LSV-,1,4,0.25,NO
A_conserved_core,781;822;829;832,LDRT,FcRH5_D3,224;-;267;269,L-YV,1,4,0.25,NO
A_conserved_core,781;822;829;832,LDRT,FcRH5_D4,316;358;369;372,RDVS,1,4,0.25,NO
A_conserved_core,781;822;829;832,LDRT,FcRH5_D5,409;451;458;461,PDRA,2,4,0.5,NO
A_conserved_core,781;822;829;832,LDRT,FcRH5_D6,502;544;551;554,QDRV,2,4,0.5,NO
A_conserved_core,781;822;829;832,LDRT,FcRH5_D7,595;637;644;647,PNHT,1,4,0.25,NO
A_conserved_core,781;822;829;832,LDRT,FcRH5_D8,688;730;737;740,PDRM,2,4,0.5,NO
A_conserved_core,781;822;829;832,LDRT,FcRH5_D9,781;822;829;832,LDRT,4,4,1.0,YES
A_conserved_core,781;822;829;832,LDRT,FcRH1_Ig1,49;90;97;102,QTRQ,1,4,0.25,NO
A_conserved_core,781;822;829;832,LDRT,FcRH1_Ig2,142;186;193;196,DEPL,0,4,0.0,NO
A_conserved_core,781;822;829;832,LDRT,FcRH1_Ig3,237;279;286;289,PNRA,1,4,0.25,NO
A_conserved_core,781;822;829;832,LDRT,FcRH2_Ig1,45;87;94;97,KQTI,0,4,0.0,NO
A_conserved_core,781;822;829;832,LDRT,FcRH2_Ig2,137;-;185;-,L-R-,2,4,0.5,NO
A_conserved_core,781;822;829;832,LDRT,FcRH2_Ig3,237;278;285;288,FDQV,1,4,0.25,NO
A_conserved_core,781;822;829;832,LDRT,FcRH2_Ig4,329;371;378;383,PNCP,0,4,0.0,NO
A_conserved_core,781;822;829;832,LDRT,FcRH3_Ig1,46;86;94;-,SGH-,0,4,0.0,NO
A_conserved_core,781;822;829;832,LDRT,FcRH3_Ig2,128;169;177;180,TFTP,0,4,0.0,NO
A_conserved_core,781;822;829;832,LDRT,FcRH3_Ig3,222;-;267;-,V-H-,0,4,0.0,NO
A_conserved_core,781;822;829;832,LDRT,FcRH3_Ig4,317;361;364;367,TDHI,1,4,0.25,NO
A_conserved_core,781;822;829;832,LDRT,FcRH3_Ig5,412;454;465;468,PDVR,1,4,0.25,NO
A_conserved_core,781;822;829;832,LDRT,FcRH3_Ig6,505;547;554;559,PDHT,2,4,0.5,NO
A_conserved_core,781;822;829;832,LDRT,FcRH4_Ig1,47;-;92;95,F-RP,1,4,0.25,NO
A_conserved_core,781;822;829;832,LDRT,FcRH4_Ig2,131;171;178;181,LGRF,2,4,0.5,NO
A_conserved_core,781;822;829;832,LDRT,FcRH4_Ig3,223;-;267;269,T-RN,1,4,0.25,NO
A_conserved_core,781;822;829;832,LDRT,FcRH4_Ig4,318;362;369;372,DDQV,1,4,0.25,NO
A_conserved_core,781;822;829;832,LDRT,FcRH6_Ig1,47;-;90;93,L-IT,2,4,0.5,NO
A_conserved_core,781;822;829;832,LDRT,FcRH6_Ig2,143;184;192;195,LPQQ,1,4,0.25,NO
A_conserved_core,781;822;829;832,LDRT,FcRH6_Ig3,236;279;286;291,PERK,1,4,0.25,NO
A_human_optimized_core,781;785;822;829;832,LRDRT,FcRH5_D1,-;56;89;96;99,-KGVD,0,5,0.0,NO
A_human_optimized_core,781;785;822;829;832,LRDRT,FcRH5_D2,131;137;178;185;-,LKSV-,1,5,0.2,NO
A_human_optimized_core,781;785;822;829;832,LRDRT,FcRH5_D3,224;227;-;267;269,LR-YV,2,5,0.4,NO
A_human_optimized_core,781;785;822;829;832,LRDRT,FcRH5_D4,316;320;358;369;372,RRDVS,2,5,0.4,NO
A_human_optimized_core,781;785;822;829;832,LRDRT,FcRH5_D5,409;413;451;458;461,PQDRA,2,5,0.4,NO
A_human_optimized_core,781;785;822;829;832,LRDRT,FcRH5_D6,502;506;544;551;554,QQDRV,2,5,0.4,NO
A_human_optimized_core,781;785;822;829;832,LRDRT,FcRH5_D7,595;599;637;644;647,PWNHT,1,5,0.2,NO
A_human_optimized_core,781;785;822;829;832,LRDRT,FcRH5_D8,688;692;730;737;740,PWDRM,2,5,0.4,NO
A_human_optimized_core,781;785;822;829;832,LRDRT,FcRH5_D9,781;785;822;829;832,LRDRT,5,5,1.0,YES
A_human_optimized_core,781;785;822;829;832,LRDRT,FcRH1_Ig1,49;53;90;97;102,QCTRQ,1,5,0.2,NO
A_human_optimized_core,781;785;822;829;832,LRDRT,FcRH1_Ig2,142;146;186;193;196,DLEPL,0,5,0.0,NO
A_human_optimized_core,781;785;822;829;832,LRDRT,FcRH1_Ig3,237;241;279;286;289,PWNRA,1,5,0.2,NO
A_human_optimized_core,781;785;822;829;832,LRDRT,FcRH2_Ig1,45;49;87;94;97,KMQTI,0,5,0.0,NO
A_human_optimized_core,781;785;822;829;832,LRDRT,FcRH2_Ig2,137;144;-;185;-,LC-R-,2,5,0.4,NO
A_human_optimized_core,781;785;822;829;832,LRDRT,FcRH2_Ig3,237;241;278;285;288,FRDQV,2,5,0.4,NO
A_human_optimized_core,781;785;822;829;832,LRDRT,FcRH2_Ig4,329;333;371;378;383,PQNCP,0,5,0.0,NO
A_human_optimized_core,781;785;822;829;832,LRDRT,FcRH3_Ig1,46;50;86;94;-,SSGH-,0,5,0.0,NO
A_human_optimized_core,781;785;822;829;832,LRDRT,FcRH3_Ig2,128;132;169;177;180,TVFTP,0,5,0.0,NO
A_human_optimized_core,781;785;822;829;832,LRDRT,FcRH3_Ig3,222;227;-;267;-,VS-H-,0,5,0.0,NO
A_human_optimized_core,781;785;822;829;832,LRDRT,FcRH3_Ig4,317;321;361;364;367,TSDHI,1,5,0.2,NO
A_human_optimized_core,781;785;822;829;832,LRDRT,FcRH3_Ig5,412;416;454;465;468,PRDVR,2,5,0.4,NO
A_human_optimized_core,781;785;822;829;832,LRDRT,FcRH3_Ig6,505;509;547;554;559,PWDHT,2,5,0.4,NO
A_human_optimized_core,781;785;822;829;832,LRDRT,FcRH4_Ig1,47;-;-;92;95,F--RP,1,5,0.2,NO
A_human_optimized_core,781;785;822;829;832,LRDRT,FcRH4_Ig2,131;135;171;178;181,LKGRF,2,5,0.4,NO
A_human_optimized_core,781;785;822;829;832,LRDRT,FcRH4_Ig3,223;227;-;267;269,TF-RN,1,5,0.2,NO
A_human_optimized_core,781;785;822;829;832,LRDRT,FcRH4_Ig4,318;322;362;369;372,DSDQV,1,5,0.2,NO
A_human_optimized_core,781;785;822;829;832,LRDRT,FcRH6_Ig1,47;50;-;90;93,LV-IT,2,5,0.4,NO
A_human_optimized_core,781;785;822;829;832,LRDRT,FcRH6_Ig2,143;147;184;192;195,LFPQQ,1,5,0.2,NO
A_human_optimized_core,781;785;822;829;832,LRDRT,FcRH6_Ig3,236;240;279;286;291,PSERK,1,5,0.2,NO
B_exploratory_cap_core,760;761;762;764,GTHA,FcRH5_D1,31;32;33;35,WTTF,1,4,0.25,NO
B_exploratory_cap_core,760;761;762;764,GTHA,FcRH5_D2,-;111;112;114,-LSF,0,4,0.0,NO
B_exploratory_cap_core,760;761;762;764,GTHA,FcRH5_D3,198;199;200;202,SFQI,0,4,0.0,NO
B_exploratory_cap_core,760;761;762;764,GTHA,FcRH5_D4,295;296;297;299,KALF,0,4,0.0,NO
B_exploratory_cap_core,760;761;762;764,GTHA,FcRH5_D5,388;389;390;392,EDLF,0,4,0.0,NO
B_exploratory_cap_core,760;761;762;764,GTHA,FcRH5_D6,481;482;483;485,EALF,0,4,0.0,NO
B_exploratory_cap_core,760;761;762;764,GTHA,FcRH5_D7,574;575;576;578,RAQV,0,4,0.0,NO
B_exploratory_cap_core,760;761;762;764,GTHA,FcRH5_D8,667;668;669;671,RAQV,0,4,0.0,NO
B_exploratory_cap_core,760;761;762;764,GTHA,FcRH5_D9,760;761;762;764,GTHA,4,4,1.0,YES
B_exploratory_cap_core,760;761;762;764,GTHA,FcRH1_Ig1,25;26;27;29,PSHT,1,4,0.25,NO
B_exploratory_cap_core,760;761;762;764,GTHA,FcRH1_Ig2,121;122;123;125,GGQM,1,4,0.25,NO
B_exploratory_cap_core,760;761;762;764,GTHA,FcRH1_Ig3,216;217;218;220,RAQA,1,4,0.25,NO
B_exploratory_cap_core,760;761;762;764,GTHA,FcRH2_Ig1,-;26;27;29,-SSF,0,4,0.0,NO
B_exploratory_cap_core,760;761;762;764,GTHA,FcRH2_Ig2,115;116;117;119,SFQI,0,4,0.0,NO
B_exploratory_cap_core,760;761;762;764,GTHA,FcRH2_Ig3,213;214;215;217,GGQT,1,4,0.25,NO
B_exploratory_cap_core,760;761;762;764,GTHA,FcRH2_Ig4,308;309;310;312,GAQA,2,4,0.5,NO
B_exploratory_cap_core,760;761;762;764,GTHA,FcRH3_Ig1,31;32;33;35,WSTF,0,4,0.0,NO
B_exploratory_cap_core,760;761;762;764,GTHA,FcRH3_Ig2,107;108;109;111,LHPF,0,4,0.0,NO
B_exploratory_cap_core,760;761;762;764,GTHA,FcRH3_Ig3,198;199;200;202,SSTI,0,4,0.0,NO
B_exploratory_cap_core,760;761;762;764,GTHA,FcRH3_Ig4,296;297;298;300,GGQI,1,4,0.25,NO
B_exploratory_cap_core,760;761;762;764,GTHA,FcRH3_Ig5,391;392;393;395,RAHV,1,4,0.25,NO
B_exploratory_cap_core,760;761;762;764,GTHA,FcRH3_Ig6,484;485;486;488,GAQV,1,4,0.25,NO
B_exploratory_cap_core,760;761;762;764,GTHA,FcRH4_Ig1,31;32;33;35,WTTF,1,4,0.25,NO
B_exploratory_cap_core,760;761;762;764,GTHA,FcRH4_Ig2,-;111;112;114,-YSF,0,4,0.0,NO
B_exploratory_cap_core,760;761;762;764,GTHA,FcRH4_Ig3,199;200;201;203,DSQT,0,4,0.0,NO
B_exploratory_cap_core,760;761;762;764,GTHA,FcRH4_Ig4,288;293;298;300,GTGA,3,4,0.75,NO
B_exploratory_cap_core,760;761;762;764,GTHA,FcRH6_Ig1,26;27;28;30,PNPF,0,4,0.0,NO
B_exploratory_cap_core,760;761;762;764,GTHA,FcRH6_Ig2,119;120;121;123,SPER,0,4,0.0,NO
B_exploratory_cap_core,760;761;762;764,GTHA,FcRH6_Ig3,215;216;217;219,PADA,1,4,0.25,NO
