d9_position,d9_aa,sasa_A2,plddt,near_patent_candidate,FcRH5_D7,FcRH5_D8,FcRH1_Ig3,FcRH2_Ig4,FcRH3_Ig5,FcRH3_Ig6,FcRH4_Ig1,FcRH6_Ig2
752,P,45.62,91.44,1,P,P,P,P,P,P,P,P
753,V,90.5,91.88,1,I,I,I,V,V,V,V,V
755,T,54.27,91.62,0,T,T,M,T,T,T,S,-
756,L,57.44,89.19,1,L,F,L,L,F,L,V,S
757,R,114.72,87.31,0,R,R,R,R,R,R,H,A
758,A,47.54,78.62,0,V,A,A,S,A,A,P,I
759,P,104.0,72.19,0,P,P,P,P,P,P,P,P
760,G,42.52,66.62,0,R,R,R,G,R,G,W,S
761,T,134.24,61.44,0,A,A,A,A,A,A,T,P
762,H,147.48,68.5,0,Q,Q,Q,Q,H,Q,T,E
763,A,76.43,72.88,0,A,A,A,A,T,A,F,P
764,A,49.31,78.56,0,V,V,A,A,V,V,F,R
765,V,114.69,79.12,0,V,V,V,V,V,V,K,E
766,G,55.64,79.31,0,G,G,E,G,G,G,G,G
767,D,35.87,83.5,0,D,D,D,D,D,D,E,S
768,L,102.32,86.38,0,L,L,V,L,L,L,R,L
770,E,48.39,91.12,0,E,E,E,E,E,E,T,T
772,H,35.46,93.06,0,H,H,H,H,H,H,T,R
774,E,87.76,91.56,0,E,E,E,E,E,E,-,T
775,A,20.34,89.38,1,A,A,A,A,S,S,-,K
776,L,165.61,85.0,0,P,L,L,L,L,L,-,L
777,R,215.19,84.88,0,R,R,R,R,R,R,N,L
778,G,45.67,82.25,1,G,G,G,G,G,G,G,R
779,S,75.73,84.62,1,S,S,S,S,S,S,-,S
780,P,91.17,80.75,1,P,S,P,P,P,F,-,A
781,L,119.65,85.81,1,P,P,P,P,P,P,F,L
783,L,53.9,91.44,1,L,L,L,L,L,L,F,L
785,R,69.1,94.06,1,W,W,W,Q,R,W,-,F
787,F,27.8,93.19,1,Y,Y,Y,Y,Y,Y,A,F
788,H,27.89,90.88,1,H,H,H,H,H,H,T,H
789,E,93.79,87.56,1,E,E,E,E,E,E,E,K
790,D,111.34,86.0,1,D,D,D,D,D,D,K,D
791,V,93.92,89.38,1,V,V,I,V,V,D,T,H
792,T,85.95,89.12,1,T,T,T,T,T,T,T,T
793,L,66.2,89.06,0,L,L,L,L,L,L,W,L
795,N,91.29,90.31,0,S,K,S,N,N,N,H,D
796,R,110.25,89.69,1,S,I,R,S,S,I,R,R
797,S,90.83,84.56,1,S,S,S,S,S,S,H,-
799,P,85.06,73.0,1,P,P,P,P,P,H,W,P
800,S,88.24,63.81,1,S,S,S,S,S,S,G,-
801,G,49.47,68.5,0,G,G,G,G,G,G,E,-
804,S,41.12,90.75,0,S,S,S,S,S,S,T,E
805,L,20.82,91.12,0,F,F,F,F,F,F,L,L
806,N,97.77,90.0,0,N,N,N,N,N,N,T,C
807,L,31.01,87.81,0,L,L,L,L,L,L,P,I
808,S,68.55,87.75,0,S,S,S,S,S,S,G,P
809,L,20.01,84.44,0,L,L,L,L,L,L,N,G
810,T,65.46,83.44,0,T,T,T,T,T,T,T,A
811,A,73.79,76.81,0,A,T,E,A,A,T,L,K
812,E,146.87,79.75,0,E,E,E,E,E,E,E,E
813,H,51.52,85.81,0,H,H,H,H,H,H,E,D
814,S,86.97,85.5,0,S,S,S,S,S,S,S,S
816,N,56.85,91.88,1,N,I,N,N,N,N,L,L
820,E,39.08,93.81,1,E,E,E,E,D,E,Q,E
822,D,32.67,91.44,1,N,D,N,N,D,D,-,P
823,N,48.76,87.44,1,N,N,N,N,N,N,-,E
824,G,68.78,83.06,1,G,G,G,G,G,G,-,G
825,L,152.2,81.88,1,L,L,L,L,L,L,R,G
826,G,45.24,77.88,1,V,E,G,G,G,G,G,Q
827,A,45.71,88.0,1,A,A,A,A,A,A,S,V
828,Q,111.96,91.12,1,Q,Q,Q,Q,Q,Q,P,Q
829,R,110.13,91.88,1,H,R,R,C,V,H,R,Q
831,E,161.05,90.25,1,D,E,E,E,L,V,N,P
832,T,94.57,89.81,1,T,M,A,P,R,T,P,Q
833,V,47.3,90.12,1,L,V,V,V,V,V,V,L
834,T,124.55,87.5,1,S,T,T,S,T,T,R,E
