d9_position,d9_aa,sasa_A2,plddt,protein,domain,mapped_aa,identity
781,L,119.65,85.81,FcRH5,D1,-,0
781,L,119.65,85.81,FcRH5,D2,L,1
781,L,119.65,85.81,FcRH5,D3,L,1
781,L,119.65,85.81,FcRH5,D4,R,0
781,L,119.65,85.81,FcRH5,D5,P,0
781,L,119.65,85.81,FcRH5,D6,Q,0
781,L,119.65,85.81,FcRH5,D7,P,0
781,L,119.65,85.81,FcRH5,D8,P,0
781,L,119.65,85.81,FcRH1,Ig1,Q,0
781,L,119.65,85.81,FcRH1,Ig2,D,0
781,L,119.65,85.81,FcRH1,Ig3,P,0
781,L,119.65,85.81,FcRH2,Ig1,K,0
781,L,119.65,85.81,FcRH2,Ig2,L,1
781,L,119.65,85.81,FcRH2,Ig3,F,0
781,L,119.65,85.81,FcRH2,Ig4,P,0
781,L,119.65,85.81,FcRH3,Ig1,S,0
781,L,119.65,85.81,FcRH3,Ig2,T,0
781,L,119.65,85.81,FcRH3,Ig3,V,0
781,L,119.65,85.81,FcRH3,Ig4,T,0
781,L,119.65,85.81,FcRH3,Ig5,P,0
781,L,119.65,85.81,FcRH3,Ig6,P,0
781,L,119.65,85.81,FcRH4,Ig1,F,0
781,L,119.65,85.81,FcRH4,Ig2,L,1
781,L,119.65,85.81,FcRH4,Ig3,T,0
781,L,119.65,85.81,FcRH4,Ig4,D,0
781,L,119.65,85.81,FcRH6,Ig1,L,1
781,L,119.65,85.81,FcRH6,Ig2,L,1
781,L,119.65,85.81,FcRH6,Ig3,P,0
822,D,32.67,91.44,FcRH5,D1,G,0
822,D,32.67,91.44,FcRH5,D2,S,0
822,D,32.67,91.44,FcRH5,D3,-,0
822,D,32.67,91.44,FcRH5,D4,D,1
822,D,32.67,91.44,FcRH5,D5,D,1
822,D,32.67,91.44,FcRH5,D6,D,1
822,D,32.67,91.44,FcRH5,D7,N,0
822,D,32.67,91.44,FcRH5,D8,D,1
822,D,32.67,91.44,FcRH1,Ig1,T,0
822,D,32.67,91.44,FcRH1,Ig2,E,0
822,D,32.67,91.44,FcRH1,Ig3,N,0
822,D,32.67,91.44,FcRH2,Ig1,Q,0
822,D,32.67,91.44,FcRH2,Ig2,-,0
822,D,32.67,91.44,FcRH2,Ig3,D,1
822,D,32.67,91.44,FcRH2,Ig4,N,0
822,D,32.67,91.44,FcRH3,Ig1,G,0
822,D,32.67,91.44,FcRH3,Ig2,F,0
822,D,32.67,91.44,FcRH3,Ig3,-,0
822,D,32.67,91.44,FcRH3,Ig4,D,1
822,D,32.67,91.44,FcRH3,Ig5,D,1
822,D,32.67,91.44,FcRH3,Ig6,D,1
822,D,32.67,91.44,FcRH4,Ig1,-,0
822,D,32.67,91.44,FcRH4,Ig2,G,0
822,D,32.67,91.44,FcRH4,Ig3,-,0
822,D,32.67,91.44,FcRH4,Ig4,D,1
822,D,32.67,91.44,FcRH6,Ig1,-,0
822,D,32.67,91.44,FcRH6,Ig2,P,0
822,D,32.67,91.44,FcRH6,Ig3,E,0
829,R,110.13,91.88,FcRH5,D1,V,0
829,R,110.13,91.88,FcRH5,D2,V,0
829,R,110.13,91.88,FcRH5,D3,Y,0
829,R,110.13,91.88,FcRH5,D4,V,0
829,R,110.13,91.88,FcRH5,D5,R,1
829,R,110.13,91.88,FcRH5,D6,R,1
829,R,110.13,91.88,FcRH5,D7,H,0
829,R,110.13,91.88,FcRH5,D8,R,1
829,R,110.13,91.88,FcRH1,Ig1,R,1
829,R,110.13,91.88,FcRH1,Ig2,P,0
829,R,110.13,91.88,FcRH1,Ig3,R,1
829,R,110.13,91.88,FcRH2,Ig1,T,0
829,R,110.13,91.88,FcRH2,Ig2,R,1
829,R,110.13,91.88,FcRH2,Ig3,Q,0
829,R,110.13,91.88,FcRH2,Ig4,C,0
829,R,110.13,91.88,FcRH3,Ig1,H,0
829,R,110.13,91.88,FcRH3,Ig2,T,0
829,R,110.13,91.88,FcRH3,Ig3,H,0
829,R,110.13,91.88,FcRH3,Ig4,H,0
829,R,110.13,91.88,FcRH3,Ig5,V,0
829,R,110.13,91.88,FcRH3,Ig6,H,0
829,R,110.13,91.88,FcRH4,Ig1,R,1
829,R,110.13,91.88,FcRH4,Ig2,R,1
829,R,110.13,91.88,FcRH4,Ig3,R,1
829,R,110.13,91.88,FcRH4,Ig4,Q,0
829,R,110.13,91.88,FcRH6,Ig1,I,0
829,R,110.13,91.88,FcRH6,Ig2,Q,0
829,R,110.13,91.88,FcRH6,Ig3,R,1
832,T,94.57,89.81,FcRH5,D1,D,0
832,T,94.57,89.81,FcRH5,D2,-,0
832,T,94.57,89.81,FcRH5,D3,V,0
832,T,94.57,89.81,FcRH5,D4,S,0
832,T,94.57,89.81,FcRH5,D5,A,0
832,T,94.57,89.81,FcRH5,D6,V,0
832,T,94.57,89.81,FcRH5,D7,T,1
832,T,94.57,89.81,FcRH5,D8,M,0
832,T,94.57,89.81,FcRH1,Ig1,Q,0
832,T,94.57,89.81,FcRH1,Ig2,L,0
832,T,94.57,89.81,FcRH1,Ig3,A,0
832,T,94.57,89.81,FcRH2,Ig1,I,0
832,T,94.57,89.81,FcRH2,Ig2,-,0
832,T,94.57,89.81,FcRH2,Ig3,V,0
832,T,94.57,89.81,FcRH2,Ig4,P,0
832,T,94.57,89.81,FcRH3,Ig1,-,0
832,T,94.57,89.81,FcRH3,Ig2,P,0
832,T,94.57,89.81,FcRH3,Ig3,-,0
832,T,94.57,89.81,FcRH3,Ig4,I,0
832,T,94.57,89.81,FcRH3,Ig5,R,0
832,T,94.57,89.81,FcRH3,Ig6,T,1
832,T,94.57,89.81,FcRH4,Ig1,P,0
832,T,94.57,89.81,FcRH4,Ig2,F,0
832,T,94.57,89.81,FcRH4,Ig3,N,0
832,T,94.57,89.81,FcRH4,Ig4,V,0
832,T,94.57,89.81,FcRH6,Ig1,T,1
832,T,94.57,89.81,FcRH6,Ig2,Q,0
832,T,94.57,89.81,FcRH6,Ig3,K,0
