candidate,comparison_domain,mapped_sequence,identity_count,total,exact_reproduction
single_integrated_NRLSE,FcRH5_D9,NRLSE,5,5,YES
dual_A_NRL,FcRH5_D9,NRL,3,3,YES
dual_B_DVAES,FcRH5_D9,DVAES,5,5,YES
single_integrated_NRLSE,FcRH5_D1,DIQ,0,5,NO
dual_A_NRL,FcRH5_D1,D,0,3,NO
dual_B_DVAES,FcRH5_D1,RVQS,1,5,NO
single_integrated_NRLSE,FcRH5_D2,KRLNR,2,5,NO
dual_A_NRL,FcRH5_D2,KRL,2,3,NO
dual_B_DVAES,FcRH5_D2,LAYRT,0,5,NO
single_integrated_NRLSE,FcRH5_D3,LGQAK,0,5,NO
dual_A_NRL,FcRH5_D3,LGQ,0,3,NO
dual_B_DVAES,FcRH5_D3,DQSKS,2,5,NO
single_integrated_NRLSE,FcRH5_D4,HKISE,2,5,NO
dual_A_NRL,FcRH5_D4,HKI,0,3,NO
dual_B_DVAES,FcRH5_D4,GVTES,3,5,NO
single_integrated_NRLSE,FcRH5_D5,RRISE,3,5,NO
dual_A_NRL,FcRH5_D5,RRI,1,3,NO
dual_B_DVAES,FcRH5_D5,GAAES,3,5,NO
single_integrated_NRLSE,FcRH5_D6,SSFSG,1,5,NO
dual_A_NRL,FcRH5_D6,SSF,0,3,NO
dual_B_DVAES,FcRH5_D6,DMEGS,2,5,NO
single_integrated_NRLSE,FcRH5_D7,SSFSE,2,5,NO
dual_A_NRL,FcRH5_D7,SSF,0,3,NO
dual_B_DVAES,FcRH5_D7,DVAES,5,5,YES
single_integrated_NRLSE,FcRH5_D8,KIFSE,2,5,NO
dual_A_NRL,FcRH5_D8,KIF,0,3,NO
dual_B_DVAES,FcRH5_D8,DVTES,4,5,NO
single_integrated_NRLSE,FcRH1_Ig1,PGQAE,1,5,NO
dual_A_NRL,FcRH1_Ig1,PGQ,0,3,NO
dual_B_DVAES,FcRH1_Ig1,TRKET,1,5,NO
single_integrated_NRLSE,FcRH1_Ig2,LQESS,1,5,NO
dual_A_NRL,FcRH1_Ig2,LQE,0,3,NO
dual_B_DVAES,FcRH1_Ig2,AVESA,1,5,NO
single_integrated_NRLSE,FcRH1_Ig3,SRFSE,3,5,NO
dual_A_NRL,FcRH1_Ig3,SRF,1,3,NO
dual_B_DVAES,FcRH1_Ig3,DIEES,3,5,NO
single_integrated_NRLSE,FcRH2_Ig1,VFLSS,2,5,NO
dual_A_NRL,FcRH2_Ig1,VFL,1,3,NO
dual_B_DVAES,FcRH2_Ig1,DKLSS,2,5,NO
single_integrated_NRLSE,FcRH2_Ig2,LSE,3,5,NO
dual_A_NRL,FcRH2_Ig2,L,1,3,NO
dual_B_DVAES,FcRH2_Ig2,NQSET,1,5,NO
single_integrated_NRLSE,FcRH2_Ig3,KKLPE,2,5,NO
dual_A_NRL,FcRH2_Ig3,KKL,1,3,NO
dual_B_DVAES,FcRH2_Ig3,GTKEA,1,5,NO
single_integrated_NRLSE,FcRH2_Ig4,NSFSE,3,5,NO
dual_A_NRL,FcRH2_Ig4,NSF,1,3,NO
dual_B_DVAES,FcRH2_Ig4,DVAES,5,5,YES
single_integrated_NRLSE,FcRH3_Ig1,YHHIE,1,5,NO
dual_A_NRL,FcRH3_Ig1,YHH,0,3,NO
dual_B_DVAES,FcRH3_Ig1,DTEP,2,5,NO
single_integrated_NRLSE,FcRH3_Ig2,NVSD,2,5,NO
dual_A_NRL,FcRH3_Ig2,NV,1,3,NO
dual_B_DVAES,FcRH3_Ig2,GKRDS,1,5,NO
single_integrated_NRLSE,FcRH3_Ig3,LGIME,1,5,NO
dual_A_NRL,FcRH3_Ig3,LGI,0,3,NO
dual_B_DVAES,FcRH3_Ig3,SQES,2,5,NO
single_integrated_NRLSE,FcRH3_Ig4,RKLVE,2,5,NO
dual_A_NRL,FcRH3_Ig4,RKL,1,3,NO
dual_B_DVAES,FcRH3_Ig4,RVKEA,2,5,NO
single_integrated_NRLSE,FcRH3_Ig5,NSFSE,3,5,NO
dual_A_NRL,FcRH3_Ig5,NSF,1,3,NO
dual_B_DVAES,FcRH3_Ig5,DVAES,5,5,YES
single_integrated_NRLSE,FcRH3_Ig6,NIFSE,3,5,NO
dual_A_NRL,FcRH3_Ig6,NIF,1,3,NO
dual_B_DVAES,FcRH3_Ig6,DDTES,3,5,NO
single_integrated_NRLSE,FcRH4_Ig1,HRLGE,3,5,NO
dual_A_NRL,FcRH4_Ig1,HRL,2,3,NO
dual_B_DVAES,FcRH4_Ig1,KTLES,2,5,NO
single_integrated_NRLSE,FcRH4_Ig2,SILQN,1,5,NO
dual_A_NRL,FcRH4_Ig2,SIL,1,3,NO
dual_B_DVAES,FcRH4_Ig2,GNSNN,0,5,NO
single_integrated_NRLSE,FcRH4_Ig3,ILLTE,2,5,NO
dual_A_NRL,FcRH4_Ig3,ILL,1,3,NO
dual_B_DVAES,FcRH4_Ig3,DRES,3,5,NO
single_integrated_NRLSE,FcRH4_Ig4,RKLAS,1,5,NO
dual_A_NRL,FcRH4_Ig4,RKL,1,3,NO
dual_B_DVAES,FcRH4_Ig4,DEQSA,1,5,NO
single_integrated_NRLSE,FcRH6_Ig1,HFAQ,0,5,NO
dual_A_NRL,FcRH6_Ig1,HF,0,3,NO
dual_B_DVAES,FcRH6_Ig1,DGVQR,1,5,NO
single_integrated_NRLSE,FcRH6_Ig2,DRLPE,3,5,NO
dual_A_NRL,FcRH6_Ig2,DRL,2,3,NO
dual_B_DVAES,FcRH6_Ig2,DHKES,3,5,NO
single_integrated_NRLSE,FcRH6_Ig3,NHLPE,3,5,NO
dual_A_NRL,FcRH6_Ig3,NHL,2,3,NO
dual_B_DVAES,FcRH6_Ig3,EKSEA,1,5,NO
