candidate,comparison_domain,mapped_sequence,identity,risk_level
single_integrated_NRLSE,FcRH1_Ig3,SRFSE,3/5,partial
single_integrated_NRLSE,FcRH2_Ig2,--LSE,3/5,partial
single_integrated_NRLSE,FcRH2_Ig4,NSFSE,3/5,partial
single_integrated_NRLSE,FcRH3_Ig5,NSFSE,3/5,partial
single_integrated_NRLSE,FcRH3_Ig6,NIFSE,3/5,partial
single_integrated_NRLSE,FcRH4_Ig1,HRLGE,3/5,partial
single_integrated_NRLSE,FcRH5_D5,RRISE,3/5,partial
single_integrated_NRLSE,FcRH6_Ig2,DRLPE,3/5,partial
single_integrated_NRLSE,FcRH6_Ig3,NHLPE,3/5,partial
dual_A_NRL,FcRH4_Ig1,HRL,2/3,partial
dual_A_NRL,FcRH5_D2,KRL,2/3,partial
dual_A_NRL,FcRH6_Ig2,DRL,2/3,partial
dual_A_NRL,FcRH6_Ig3,NHL,2/3,partial
dual_B_DVAES,FcRH2_Ig4,DVAES,5/5,exact
dual_B_DVAES,FcRH3_Ig5,DVAES,5/5,exact
dual_B_DVAES,FcRH5_D7,DVAES,5/5,exact
dual_B_DVAES,FcRH5_D8,DVTES,4/5,partial
