candidate,comparison_domain,mapped_sequence,identity_count,anchor_total,exact_reproduction,whole_domain_alignment_RMSD_A,mapped_anchor_CA_RMSD_A
purple_NRLNS,FcRH5_D9,NRLNS,5,5,YES,0.0,0.0
purple_NRLNS,FcRH5_D1,--DNI,1,5,NO,5.08,
purple_NRLNS,FcRH5_D2,KRLKN,2,5,NO,13.34,17.8
purple_NRLNS,FcRH5_D3,LGQIA,0,5,NO,2.94,6.17
purple_NRLNS,FcRH5_D4,HKISS,1,5,NO,1.0,3.57
purple_NRLNS,FcRH5_D5,RRISS,2,5,NO,2.14,1.96
purple_NRLNS,FcRH5_D6,SSFSS,1,5,NO,1.08,0.98
purple_NRLNS,FcRH5_D7,SSFNS,2,5,NO,0.26,0.33
purple_NRLNS,FcRH5_D8,KIFNS,2,5,NO,0.56,0.55
purple_NRLNS,FcRH1_Ig1,PGQIA,0,5,NO,4.87,6.12
purple_NRLNS,FcRH1_Ig2,LQEIS,1,5,NO,0.59,5.22
purple_NRLNS,FcRH1_Ig3,SRFNS,3,5,NO,0.25,0.33
purple_NRLNS,FcRH2_Ig1,VFLIS,2,5,NO,4.17,3.47
purple_NRLNS,FcRH2_Ig2,--LQS,2,5,NO,0.74,
purple_NRLNS,FcRH2_Ig3,KKLEP,1,5,NO,0.74,1.64
purple_NRLNS,FcRH2_Ig4,NSFNS,3,5,NO,0.29,0.64
purple_NRLNS,FcRH3_Ig1,YHHDI,0,5,NO,1.97,11.2
purple_NRLNS,FcRH3_Ig2,N-VNS,3,5,NO,10.72,
purple_NRLNS,FcRH3_Ig3,LGIPM,0,5,NO,3.46,4.91
purple_NRLNS,FcRH3_Ig4,RKL-V,1,5,NO,0.52,
purple_NRLNS,FcRH3_Ig5,NSFNS,3,5,NO,0.38,0.41
purple_NRLNS,FcRH3_Ig6,NIFNS,3,5,NO,0.2,0.17
purple_NRLNS,FcRH4_Ig1,HRLTG,2,5,NO,1.48,14.44
purple_NRLNS,FcRH4_Ig2,SILIQ,1,5,NO,4.71,5.07
purple_NRLNS,FcRH4_Ig3,ILLQT,1,5,NO,1.27,5.49
purple_NRLNS,FcRH4_Ig4,RKLEA,1,5,NO,0.65,1.12
purple_NRLNS,FcRH6_Ig1,HF-MA,0,5,NO,1.15,
purple_NRLNS,FcRH6_Ig2,DRLCP,2,5,NO,2.9,3.03
purple_NRLNS,FcRH6_Ig3,NHLLP,2,5,NO,0.54,0.67
blue_DVAES,FcRH5_D9,DVAES,5,5,YES,0.0,0.0
blue_DVAES,FcRH5_D1,-RVQS,1,5,NO,5.08,
blue_DVAES,FcRH5_D2,LAYRT,0,5,NO,13.34,17.62
blue_DVAES,FcRH5_D3,DQSKS,2,5,NO,2.94,2.32
blue_DVAES,FcRH5_D4,GVTES,3,5,NO,1.0,1.22
blue_DVAES,FcRH5_D5,GAAES,3,5,NO,2.14,1.77
blue_DVAES,FcRH5_D6,DMEGS,2,5,NO,1.08,0.85
blue_DVAES,FcRH5_D7,DVAES,5,5,YES,0.26,0.29
blue_DVAES,FcRH5_D8,DVTES,4,5,NO,0.56,0.51
blue_DVAES,FcRH1_Ig1,TRKET,1,5,NO,4.87,2.17
blue_DVAES,FcRH1_Ig2,AVESA,1,5,NO,0.59,3.36
blue_DVAES,FcRH1_Ig3,DIEES,3,5,NO,0.25,0.23
blue_DVAES,FcRH2_Ig1,DKLSS,2,5,NO,4.17,2.6
blue_DVAES,FcRH2_Ig2,NQSET,1,5,NO,0.74,0.97
blue_DVAES,FcRH2_Ig3,GTKEA,1,5,NO,0.74,3.07
blue_DVAES,FcRH2_Ig4,DVAES,5,5,YES,0.29,0.51
blue_DVAES,FcRH3_Ig1,D-TEP,2,5,NO,1.97,
blue_DVAES,FcRH3_Ig2,GKRDS,1,5,NO,10.72,23.95
blue_DVAES,FcRH3_Ig3,SQ-ES,2,5,NO,3.46,
blue_DVAES,FcRH3_Ig4,RVKEA,2,5,NO,0.52,3.71
blue_DVAES,FcRH3_Ig5,DVAES,5,5,YES,0.38,0.36
blue_DVAES,FcRH3_Ig6,DDTES,3,5,NO,0.2,0.17
blue_DVAES,FcRH4_Ig1,KTLES,2,5,NO,1.48,13.67
blue_DVAES,FcRH4_Ig2,GNSNN,0,5,NO,4.71,1.97
blue_DVAES,FcRH4_Ig3,D-RES,3,5,NO,1.27,
blue_DVAES,FcRH4_Ig4,DEQSA,1,5,NO,0.65,2.85
blue_DVAES,FcRH6_Ig1,DGVQR,1,5,NO,1.15,2.83
blue_DVAES,FcRH6_Ig2,DHKES,3,5,NO,2.9,2.82
blue_DVAES,FcRH6_Ig3,EKSEA,1,5,NO,0.54,1.98
