rank,positions,motif,direct_positions,added_positions,max_CA_span_A,exact_offtargets,n_minus_1_offtargets,max_internal_identity,max_paralog_identity,rank_score
1,790;791;811;812;814,DVAES,812;814,790;791;811,17.37,FcRH5_D7;FcRH2_Ig4;FcRH3_Ig5,FcRH5_D7;FcRH5_D8;FcRH2_Ig4;FcRH3_Ig5,1.0,1.0,56.5608
2,791;811;812;814;816,VAESN,812;814,791;811;816,16.17,FcRH5_D7;FcRH2_Ig4;FcRH3_Ig5,FcRH5_D4;FcRH5_D5;FcRH5_D7;FcRH2_Ig4;FcRH3_Ig5,1.0,1.0,59.5335
3,791;811;812;813;814,VAEHS,812;814,791;811;813,16.17,FcRH5_D7;FcRH2_Ig4;FcRH3_Ig5,FcRH5_D5;FcRH5_D7;FcRH5_D8;FcRH2_Ig4;FcRH3_Ig5,1.0,1.0,59.5367
4,791;811;812;814,VAES,812;814,791;811,16.17,FcRH5_D7;FcRH2_Ig4;FcRH3_Ig5,FcRH5_D4;FcRH5_D5;FcRH5_D7;FcRH5_D8;FcRH2_Ig4;FcRH3_Ig5,1.0,1.0,62.5073
5,789;791;811;812;814,EVAES,812;814,789;791;811,16.17,FcRH5_D7;FcRH2_Ig4;FcRH3_Ig5,FcRH5_D4;FcRH5_D5;FcRH5_D7;FcRH5_D8;FcRH2_Ig4;FcRH3_Ig5,1.0,1.0,62.5113
6,791;793;811;812;814,VLAES,812;814,791;793;811,16.17,FcRH5_D7;FcRH2_Ig4;FcRH3_Ig5,FcRH5_D4;FcRH5_D5;FcRH5_D7;FcRH5_D8;FcRH2_Ig4;FcRH3_Ig5,1.0,1.0,62.5279
7,791;810;811;812;814,VTAES,812;814,791;810;811,16.17,FcRH5_D7;FcRH2_Ig4;FcRH3_Ig5,FcRH5_D4;FcRH5_D5;FcRH5_D7;FcRH5_D8;FcRH2_Ig4;FcRH3_Ig5,1.0,1.0,62.5283
8,788;791;811;812;814,HVAES,812;814,788;791;811,16.17,FcRH5_D7;FcRH2_Ig4;FcRH3_Ig5,FcRH5_D4;FcRH5_D5;FcRH5_D7;FcRH5_D8;FcRH2_Ig4;FcRH3_Ig5,1.0,1.0,62.5508
9,791;811;812;814;815,VAESG,812;814,791;811;815,16.17,FcRH5_D7;FcRH2_Ig4;FcRH3_Ig5,FcRH5_D4;FcRH5_D5;FcRH5_D7;FcRH5_D8;FcRH2_Ig4;FcRH3_Ig5,1.0,1.0,62.5562
10,790;811;812;814;816,DAESN,812;814,790;811;816,17.37,FcRH5_D7;FcRH2_Ig4;FcRH3_Ig5,FcRH5_D5;FcRH5_D7;FcRH1_Ig3;FcRH2_Ig4;FcRH3_Ig5;FcRH3_Ig6,1.0,1.0,62.583
11,790;791;812;814;816,DVESN,812;814,790;791;816,13.93,FcRH5_D7;FcRH2_Ig4;FcRH3_Ig5,FcRH5_D4;FcRH5_D7;FcRH5_D8;FcRH1_Ig3;FcRH2_Ig4;FcRH3_Ig5;FcRH3_Ig6,1.0,1.0,65.3989
12,789;790;811;812;814,EDAES,812;814,789;790;811,17.37,FcRH5_D7;FcRH2_Ig4;FcRH3_Ig5,FcRH5_D5;FcRH5_D7;FcRH5_D8;FcRH1_Ig3;FcRH2_Ig4;FcRH3_Ig5;FcRH3_Ig6,1.0,1.0,65.5609
13,790;810;811;812;814,DTAES,812;814,790;810;811,17.37,FcRH5_D7;FcRH2_Ig4;FcRH3_Ig5,FcRH5_D5;FcRH5_D7;FcRH5_D8;FcRH1_Ig3;FcRH2_Ig4;FcRH3_Ig5;FcRH3_Ig6,1.0,1.0,65.5778
14,790;811;812;813;814,DAEHS,812;814,790;811;813,17.37,FcRH5_D7;FcRH2_Ig4;FcRH3_Ig5,FcRH5_D5;FcRH5_D7;FcRH5_D8;FcRH1_Ig3;FcRH2_Ig4;FcRH3_Ig5;FcRH3_Ig6,1.0,1.0,65.5862
15,791;812;813;814;816,VEHSN,812;814,791;813;816,12.9,FcRH5_D7;FcRH2_Ig4;FcRH3_Ig5,FcRH5_D4;FcRH5_D5;FcRH5_D7;FcRH5_D8;FcRH1_Ig3;FcRH2_Ig4;FcRH3_Ig5;FcRH3_Ig6,1.0,1.0,68.3833
16,790;793;811;812;814,DLAES,812;814,790;793;811,17.37,FcRH5_D7;FcRH2_Ig4;FcRH3_Ig5,FcRH5_D5;FcRH5_D7;FcRH5_D8;FcRH1_Ig3;FcRH2_Ig4;FcRH3_Ig5;FcRH3_Ig6;FcRH6_Ig2,1.0,1.0,68.5774
17,788;790;811;812;814,HDAES,812;814,788;790;811,17.37,FcRH5_D7;FcRH2_Ig4;FcRH3_Ig5,FcRH5_D5;FcRH5_D7;FcRH5_D8;FcRH1_Ig3;FcRH2_Ig4;FcRH3_Ig5;FcRH3_Ig6;FcRH6_Ig2,1.0,1.0,68.6004
18,790;811;812;814,DAES,812;814,790;811,17.37,FcRH5_D7;FcRH2_Ig4;FcRH3_Ig5,FcRH5_D5;FcRH5_D7;FcRH5_D8;FcRH1_Ig3;FcRH2_Ig4;FcRH3_Ig5;FcRH3_Ig6;FcRH4_Ig3;FcRH6_Ig2,1.0,1.0,71.5543
19,790;811;812;814;815,DAESG,812;814,790;811;815,17.37,FcRH5_D7;FcRH2_Ig4;FcRH3_Ig5,FcRH5_D5;FcRH5_D7;FcRH5_D8;FcRH1_Ig3;FcRH2_Ig4;FcRH3_Ig5;FcRH3_Ig6;FcRH4_Ig3;FcRH6_Ig2,1.0,1.0,71.6058
20,790;791;812;813;814,DVEHS,812;814,790;791;813,13.93,FcRH5_D7;FcRH5_D8;FcRH2_Ig4;FcRH3_Ig5,FcRH5_D7;FcRH5_D8;FcRH1_Ig3;FcRH2_Ig4;FcRH3_Ig5;FcRH3_Ig6,1.0,1.0,74.4021
